INSERT INTO MsCustomer VALUES
('CU001', 'John Piper', '081367789243', 'Kejayaan Dalam 15 Blok 6B no 7', 'Male', 'johnpiper1@gmail.com', '1998-10-23'),
('CU002', 'Andrew Jackson', '081130918938', 'Pattimura Raya 10 Blok 9 no 8', 'Male', 'adjkk123@gmail.com', '2002-01-09'),
('CU003', 'Albert Moore', '081892919922', 'Marthen Horten 1 no 9', 'Male', 'ab999mm@yahoo.com', '2001-03-12'),
('CU004', 'Edmund Stahl', '081830023342', 'Kejayaan Dalam 15 Blok 8 no 11', 'Male', 'endp788@gmail.com', '2003-04-11'),
('CU005', 'Eli Alba', '081299292121', 'Murtini Barat 89 no 78', 'Female', 'ell128gg@gmail.com', '2004-11-12'),
('CU006', 'Xi Jian Xie', '081712989344', 'Podomo Raya 34 no 12', 'Female', 'pdd781xili@gmail.com', '2001-06-02'),
('CU007', 'Hare Jeremia', '081218912939', 'Magenta North 11 blok 7 no 5', 'Female', 'hr8111abc@gmail.com', '2004-07-16'),
('CU008', 'Burgstaller', '081578392898', 'Prof Latumenten 88 blok 1 no 7', 'Male', 'burg1245@gmail.com', '2001-01-01'),
('CU009', 'Jessica Heli', '081382838433', 'Wulfensberg 76 blok 7 no 2', 'Female', 'jessicah9995@yahoo.com', '1997-08-11'),
('CU010', 'Felita Pomern', '081218819826', 'Dunkorque 11 blok 4 no 7', 'Female', 'fltpm8812@yahoo.com', '2001-06-15');
GO
INSERT INTO MsCloth VALUES
('CL001', 'White T-Shirt', 100, 100000),
('CL002', 'Black T-Shirt', 100, 100000),
('CL003', 'Long Jeans', 50, 200000),
('CL004', 'Short Jeans', 50, 150000),
('CL005', 'Grey Shorts', 30, 110000),
('CL006', 'Black Shorts', 30, 110000),
('CL007', 'Black Suit', 10, 2000000),
('CL008', 'White Suit', 10, 2500000),
('CL009', 'Blue Dress', 6, 3000000),
('CL010', 'White Suit', 5, 4000000);
GO
INSERT INTO MsStaff VALUES
('SF001', 'Mike Dane', '081124569886', 'Pelita Harr 15', 26, 'Male', 4000000),
('SF002', 'Joseph Moore', '081672578556', 'Pork Ham 11', 25, 'Male', 3500000),
('SF003', 'Janice White', '081128823431', 'Molten Hard 78', 27, 'Female', 3500000),
('SF004', 'Martin Kant', '088822991235', 'Aqua Artic 8', 28, 'Male', 4000000),
('SF005', 'Agatha Brown', '087329932448', 'Birch Forest 11', 26, 'Female', 5000000),
('SF006', 'Jessica Alp', '089128286231', 'Zenith North 7', 30, 'Female', 5000000),
('SF007', 'Rick Morty', '081782933743', 'Patek Carlin 13', 24, 'Male', 4000000),
('SF008', 'Erwin Mathew', '081993234432', 'Patek Carlin 88', 25, 'Male', 4000000),
('SF009', 'Halley Paul', '081839242577', 'White Rice 9', 27, 'Male', 3500000),
('SF010', 'Maya Debora', '081938737271', 'Darwin Tent 10', 28, 'Female', 4500000),
('SF011', 'Jenica Ao', '081182923947', 'Melvin Inc 10', 26, 'Female', 4000000);
GO
INSERT INTO MsSupplier VALUES
('SU001', 'Horten Piquet', '082167823786', 'Adam Something 11'),
('SU002', 'Karo Shoes', '082182837829', 'Borg Station 12'),
('SU003', 'James Linen', '082118349322', 'Leon Kennedy 9'),
('SU004', 'Kamigawa Artistry', '082181626312', 'Mark Phantom 56'),
('SU005', 'Naganohara Embroidery', '082192876332', 'Mark Phantom 58'),
('SU006', 'Dragon Woven', '082187217123', 'Helipad Lily 15'),
('SU007', 'Zin Fabric', '082178324212', 'Desmond Hero 19'),
('SU008', 'Zapp Hare', '082738828341', 'Helix Trop 12'),
('SU009', 'Mist Mason', '082122778348', 'Helios Day 33'),
('SU010', 'Bart Martin', '082177371631', 'Claire Ray 12');
GO
INSERT INTO MsMaterial VALUES
('MA001', 'L1001 Synthetic Leather', 2000000),
('MA002', 'L9992 Genuine Leather', 4000000),
('MA003', 'F101 Fur', 2000000),
('MA004', 'F199 Silk Fabric', 2000000),
('MA005', 'F119 Cotton Fabric', 1000000),
('MA006', 'F728 Cotton Fabric', 1100000),
('MA007', 'D12121 Denim', 1400000),
('MA008', 'B71231 Button', 800000),
('MA009', 'B2142 Button', 900000),
('MA010', 'WW8121 Wool', 1000000);
GO
INSERT INTO MsPaymentType VALUES
('PA001', 'DANA'),
('PA002', 'OVO'),
('PA003', 'Go-Pay'),
('PA004', 'Shoopee-Pay'),
('PA005', 'Cash'),
('PA006', 'Debit Card'),
('PA007', 'Virtual Account'),
('PA008', 'Credit Card'),
('PA009', 'Cryptocurrency'),
('PA010', 'Flazz');
GO
INSERT INTO SalesHeader VALUES
('SA001', 'SF001', 'CU008', 'PA003', '2021-12-04'),
('SA002', 'SF007', 'CU001', 'PA008', '2021-12-04'),
('SA003', 'SF004', 'CU002', 'PA005', '2021-12-05'),
('SA004', 'SF001', 'CU007', 'PA005', '2021-12-05'),
('SA005', 'SF005', 'CU003', 'PA006', '2021-12-07'),
('SA006', 'SF006', 'CU003', 'PA006', '2021-12-07'),
('SA007', 'SF003', 'CU002', 'PA010', '2021-12-08'),
('SA008', 'SF001', 'CU006', 'PA002', '2021-12-08'),
('SA009', 'SF002', 'CU004', 'PA003', '2021-12-09'),
('SA010', 'SF008', 'CU005', 'PA005', '2021-12-09'),
('SA011', 'SF009', 'CU009', 'PA005', '2021-12-09'),
('SA012', 'SF010', 'CU001', 'PA006', '2021-12-10'),
('SA013', 'SF011', 'CU003', 'PA002', '2021-12-10'),
('SA014', 'SF002', 'CU004', 'PA005', '2021-12-11'),
('SA015', 'SF003', 'CU006', 'PA008', '2021-12-11'),
('SA016', 'SF004', 'CU007', 'PA009', '2021-12-15');
GO
INSERT INTO SalesDetail VALUES
('CL003', 'SA001', 1),
('CL002', 'SA002', 2),
('CL004', 'SA002', 1),
('CL005', 'SA003', 1),
('CL006', 'SA003', 2),
('CL007', 'SA004', 1),
('CL009', 'SA004', 1),
('CL010', 'SA004', 2),
('CL001', 'SA005', 1),
('CL006', 'SA005', 3),
('CL004', 'SA006', 1),
('CL008', 'SA006', 3),
('CL009', 'SA006', 1),
('CL001', 'SA007', 4),
('CL002', 'SA007', 4),
('CL003', 'SA008', 1),
('CL004', 'SA009', 1),
('CL005', 'SA010', 1),
('CL005', 'SA011', 2),
('CL008', 'SA012', 1),
('CL004', 'SA012', 1),
('CL005', 'SA013', 1),
('CL005', 'SA014', 2),
('CL003', 'SA015', 1),
('CL004', 'SA015', 2),
('CL005', 'SA016', 3);
GO
INSERT INTO PurchaseHeader VALUES
('PU001', 'SF004', 'SU002', 'PA009', '2021-11-03'),
('PU002', 'SF005', 'SU003', 'PA009', '2021-11-04'),
('PU003', 'SF006', 'SU001', 'PA006', '2021-11-04'),
('PU004', 'SF006', 'SU007', 'PA008', '2021-11-05'),
('PU005', 'SF007', 'SU002', 'PA009', '2021-11-06'),
('PU006', 'SF008', 'SU001', 'PA009', '2021-11-06'),
('PU007', 'SF002', 'SU004', 'PA010', '2021-11-07'),
('PU008', 'SF006', 'SU008', 'PA010', '2021-11-08'),
('PU009', 'SF007', 'SU005', 'PA009', '2021-11-09'),
('PU010', 'SF002', 'SU006', 'PA008', '2021-11-10'),
('PU011', 'SF005', 'SU007', 'PA009', '2021-11-11'),
('PU012', 'SF006', 'SU004', 'PA006', '2021-11-12'),
('PU013', 'SF007', 'SU002', 'PA006', '2021-11-12'),
('PU014', 'SF002', 'SU006', 'PA008', '2021-11-13'),
('PU015', 'SF001', 'SU007', 'PA010', '2021-11-14');
GO
INSERT INTO PurchaseDetail VALUES
('MA004', 'PU001', 30),
('MA006', 'PU001', 20),
('MA005', 'PU002', 15),
('MA007', 'PU002', 17),
('MA008', 'PU003', 20),
('MA010', 'PU003', 120),
('MA001', 'PU003', 11),
('MA002', 'PU004', 24),
('MA003', 'PU004', 130),
('MA005', 'PU005', 10),
('MA008', 'PU005', 100),
('MA009', 'PU005', 12),
('MA001', 'PU006', 100),
('MA002', 'PU006', 90),
('MA005', 'PU007', 90),
('MA006', 'PU007', 10),
('MA007', 'PU008', 30),
('MA009', 'PU008', 15),
('MA010', 'PU009', 11),
('MA002', 'PU010', 40),
('MA003', 'PU011', 51),
('MA002', 'PU012', 10),
('MA009', 'PU013', 20),
('MA010', 'PU013', 14),
('MA002', 'PU014', 20),
('MA007', 'PU015', 28);
GO